Datetime,Water Level (m)
2026-01-27 06:00:00,4.7442183e-05
2026-01-27 07:00:00,5.5007353e-05
2026-01-27 08:00:00,6.318178e-05
2026-01-27 09:00:00,6.693259e-05
2026-01-27 10:00:00,2.0991793e-05
2026-01-27 11:00:00,-9.481359e-05
2026-01-27 12:00:00,-0.000113010654
2026-01-27 13:00:00,-2.2752565e-05
2026-01-27 14:00:00,5.612329e-05
2026-01-27 15:00:00,5.496052e-05
2026-01-27 16:00:00,5.1905587e-05
2026-01-27 17:00:00,4.527336e-05
2026-01-27 18:00:00,4.4728957e-05
2026-01-27 19:00:00,4.216278e-05
2026-01-27 20:00:00,4.0574076e-05
2026-01-27 21:00:00,4.8360165e-05
2026-01-27 22:00:00,5.417928e-05
2026-01-27 23:00:00,5.6767127e-05
2026-01-28 00:00:00,5.611956e-05
2026-01-28 01:00:00,6.36881e-05
2026-01-28 02:00:00,5.559531e-05
2026-01-28 03:00:00,5.4610075e-05
2026-01-28 04:00:00,5.4593682e-05
2026-01-28 05:00:00,5.1561325e-05
2026-01-28 06:00:00,4.8577276e-05
2026-01-28 07:00:00,4.776373e-05
2026-01-28 08:00:00,4.668312e-05
2026-01-28 09:00:00,5.2383377e-05
2026-01-28 10:00:00,5.314609e-05
2026-01-28 11:00:00,3.6577432e-05
2026-01-28 12:00:00,-7.0450915e-05
2026-01-28 13:00:00,-0.000117473974
2026-01-28 14:00:00,-8.199033e-05
2026-01-28 15:00:00,1.2856047e-05
2026-01-28 16:00:00,5.17705e-05
2026-01-28 17:00:00,5.3860564e-05
2026-01-28 18:00:00,4.4740205e-05
2026-01-28 19:00:00,3.9757328e-05
2026-01-28 20:00:00,3.5998048e-05
2026-01-28 21:00:00,3.276715e-05
2026-01-28 22:00:00,3.545565e-05
2026-01-28 23:00:00,4.550958e-05
2026-01-29 00:00:00,5.010729e-05
2026-01-29 01:00:00,5.3962223e-05
2026-01-29 02:00:00,6.319026e-05
2026-01-29 03:00:00,5.9531576e-05
2026-01-29 04:00:00,5.1971223e-05
2026-01-29 05:00:00,5.241671e-05
2026-01-29 06:00:00,5.1943505e-05
2026-01-29 07:00:00,4.991365e-05
2026-01-29 08:00:00,4.103594e-05
2026-01-29 09:00:00,3.2531665e-05
2026-01-29 10:00:00,3.432891e-05
2026-01-29 11:00:00,4.0899107e-05
2026-01-29 12:00:00,2.429945e-05
2026-01-29 13:00:00,-9.93526e-05
2026-01-29 14:00:00,-0.00017482221
2026-01-29 15:00:00,-0.00015547824
2026-01-29 16:00:00,-5.0092196e-05
2026-01-29 17:00:00,5.631636e-05
2026-01-29 18:00:00,5.7690333e-05
2026-01-29 19:00:00,5.153843e-05
2026-01-29 20:00:00,4.4254586e-05
2026-01-29 21:00:00,3.77134e-05
2026-01-29 22:00:00,3.8107402e-05
2026-01-29 23:00:00,3.7842325e-05
2026-01-30 00:00:00,4.422146e-05
2026-01-30 01:00:00,5.599275e-05
2026-01-30 02:00:00,1.863899e-05
2026-01-30 03:00:00,1.486751e-05
2026-01-30 04:00:00,5.769807e-05
2026-01-30 05:00:00,5.0214865e-05
2026-01-30 06:00:00,4.865286e-05
2026-01-30 07:00:00,4.4920343e-05
2026-01-30 08:00:00,3.8158923e-05
2026-01-30 09:00:00,2.9230176e-05
2026-01-30 10:00:00,1.0608204e-05
2026-01-30 11:00:00,9.713505e-06
2026-01-30 12:00:00,3.0285944e-05
2026-01-30 13:00:00,6.5259837e-06
2026-01-30 14:00:00,-0.00015731595
2026-01-30 15:00:00,-0.00025550305
2026-01-30 16:00:00,-0.00023807106
2026-01-30 17:00:00,-0.00011083123
2026-01-30 18:00:00,3.3194952e-05
2026-01-30 19:00:00,6.182573e-05
2026-01-30 20:00:00,5.7519945e-05
2026-01-30 21:00:00,4.8321428e-05
2026-01-30 22:00:00,4.2845124e-05
2026-01-30 23:00:00,4.0518007e-05
2026-01-31 00:00:00,3.853386e-05
2026-01-31 01:00:00,4.980068e-05
2026-01-31 02:00:00,2.776111e-05
2026-01-31 03:00:00,-5.7646994e-05
2026-01-31 04:00:00,-6.255289e-05
2026-01-31 05:00:00,3.7994225e-05
2026-01-31 06:00:00,6.6019595e-05
2026-01-31 07:00:00,6.3797655e-05
2026-01-31 08:00:00,5.2497613e-05
2026-01-31 09:00:00,3.960149e-05
2026-01-31 10:00:00,2.6489566e-05
2026-01-31 11:00:00,2.4795523e-05
2026-01-31 12:00:00,3.0466055e-05
2026-01-31 13:00:00,4.585184e-05
2026-01-31 14:00:00,-5.1285642e-05
2026-01-31 15:00:00,-0.0002557338
2026-01-31 16:00:00,-0.000346551
2026-01-31 17:00:00,-0.00029578243
2026-01-31 18:00:00,-0.00011798614
2026-01-31 19:00:00,2.682186e-05
2026-01-31 20:00:00,6.209026e-05
2026-01-31 21:00:00,5.4045126e-05
2026-01-31 22:00:00,4.9642244e-05
2026-01-31 23:00:00,4.3878e-05
2026-02-01 00:00:00,3.5858964e-05
2026-02-01 01:00:00,3.6067744e-05
2026-02-01 02:00:00,4.7603124e-05
2026-02-01 03:00:00,-5.098804e-05
2026-02-01 04:00:00,-0.00015253975
2026-02-01 05:00:00,-0.00013239119
2026-02-01 06:00:00,1.7476303e-05
2026-02-01 07:00:00,6.208409e-05
2026-02-01 08:00:00,6.598941e-05
2026-02-01 09:00:00,5.7520476e-05
2026-02-01 10:00:00,4.4146956e-05
2026-02-01 11:00:00,3.1954656e-05
2026-02-01 12:00:00,2.1447322e-05
2026-02-01 13:00:00,2.4185021e-05
2026-02-01 14:00:00,4.0938463e-05
2026-02-01 15:00:00,-0.00014247271
2026-02-01 16:00:00,-0.00034677956
2026-02-01 17:00:00,-0.0005678277
2026-02-01 18:00:00,-0.00045274766
2026-02-01 19:00:00,-0.00024120872
2026-02-01 20:00:00,-0.00012122238
2026-02-01 21:00:00,-9.6808086e-05
2026-02-01 22:00:00,-0.000101387
2026-02-01 23:00:00,-0.0001078283
2026-02-02 00:00:00,-0.000113492875
2026-02-02 01:00:00,-0.00011954196
2026-02-02 02:00:00,-0.000116558505
2026-02-02 03:00:00,-0.00014188385
2026-02-02 04:00:00,-0.0003028024
2026-02-02 05:00:00,-0.00037979832
2026-02-02 06:00:00,-0.0003075249
